name,author,artwork,game_code,license,likes,description,top_comments
Lexaloffle Games,Blog,/gfx/top_pulldown.png,,N/A,0,,
Lexaloffle Games,Blog,/gfx/top_pulldown.png,,N/A,0,,
Lexaloffle Games,Blog,/gfx/top_pulldown.png,,N/A,0,,
Lexaloffle Games,Blog,/gfx/top_pulldown.png,,N/A,0,,
Lexaloffle Games,Blog,/gfx/top_pulldown.png,,N/A,0,,
Lexaloffle Games,Blog,/gfx/top_pulldown.png,,N/A,0,,
Lexaloffle Games,Blog,/gfx/top_pulldown.png,,N/A,0,,
Lexaloffle Games,Blog,/gfx/top_pulldown.png,,N/A,0,,
Lexaloffle Games,Blog,/gfx/top_pulldown.png,,N/A,0,,
Lexaloffle Games,Blog,/gfx/top_pulldown.png,,N/A,0,,
Lexaloffle Games,Blog,/gfx/top_pulldown.png,,N/A,0,,
Lexaloffle Games,Blog,/gfx/top_pulldown.png,,N/A,0,,
Lexaloffle Games,Blog,/gfx/top_pulldown.png,,N/A,0,,
Lexaloffle Games,Blog,/gfx/top_pulldown.png,,N/A,0,,
Lexaloffle Games,Blog,/gfx/top_pulldown.png,,N/A,0,,
Lexaloffle Games,Blog,/gfx/top_pulldown.png,,N/A,0,,
Lexaloffle Games,Blog,/gfx/top_pulldown.png,,N/A,0,,
Lexaloffle Games,Blog,/gfx/top_pulldown.png,,N/A,0,,
Lexaloffle Games,Blog,/gfx/top_pulldown.png,,N/A,0,,
Lexaloffle Games,Blog,/gfx/top_pulldown.png,,N/A,0,,
Lexaloffle Games,Blog,/gfx/top_pulldown.png,,N/A,0,,
Lexaloffle Games,Blog,/gfx/top_pulldown.png,,N/A,0,,
Lexaloffle Games,Blog,/gfx/top_pulldown.png,,N/A,0,,
Lexaloffle Games,Blog,/gfx/top_pulldown.png,,N/A,0,,
Lexaloffle Games,Blog,/gfx/top_pulldown.png,,N/A,0,,
Lexaloffle Games,Blog,/gfx/top_pulldown.png,,N/A,0,,
Lexaloffle Games,Blog,/gfx/top_pulldown.png,,N/A,0,,
Lexaloffle Games,Blog,/gfx/top_pulldown.png,,N/A,0,,
Lexaloffle Games,Blog,/gfx/top_pulldown.png,,N/A,0,,
Lexaloffle Games,Blog,/gfx/top_pulldown.png,,N/A,0,,
